Code,title,Fully Specified Name,Description,Inclusions,Exclusions,Index Terms
03,Diseases of the blood or blood-forming organs,,This chapter includes diseases of the blood as well as diseases of blood forming organs.,,"Other diseases of the blood or blood-forming organs or certain disorders involving the immune mechanism complicating pregnancy, childbirth or the puerperium; Congenital malformations, deformations or chromosomal abnormalities; Diseases of the immune system; Certain conditions originating in the perinatal period; Complications of pregnancy, childbirth or the puerperium; Endocrine, nutritional or metabolic diseases; Human immunodeficiency virus disease; Injury, poisoning or certain other consequences of external causes",
3A00,Iron deficiency anaemia,,"A disease caused by chronic or acute bleeding, excessive menstrual bleeding, inadequate intake, substances (in diet or drugs) interfering with iron absorption, malabsorption syndromes, inflammation, infection or blood donation. This disease is characterised by decreased levels of iron present in the body. This disease may present with fatigue, pallor or dizziness. Confirmation is by identification of decreased levels of iron in a blood sample.",,,
3A00.0,Acquired iron deficiency anaemia due to blood loss,,"Chronic blood loss is a possible cause in every case of iron-deficiency anaemia. Iron deficiency anaemia may be caused by acute bleeding in gastrointestinal tract, uterus or genitourinary system, copious menstrual blood losses (menorrhagia) and multiple blood donations. In many tropical countries, infestations with hookworms lead to intestinal blood losses that in some individuals can be considerable. Iron deficiency may also be caused by several circumstances related to “chronic posthaemorrhagic anaemia”. A diagnosis of iron deficiency should always lead to a search for pathologic causes of blood loss (e.g. tumours in the gastrointestinal tract or uterus, especially if uterine bleedings have increased or changed in regularity).",,congenital anaemia from fetal blood loss,
3A00.01,Chronic posthaemorrhagic anaemia,,"Chronic iron-deficiency anaemia from bleeding may be caused by colon cancer, gastric cancer, peptic ulcer, Meckel diverticulum, hiatal hernia with linear erosions, colonic vascular ectasia, colonic polyps, haemangioma, inflammatory bowel disease, tumours in the gastrointestinal tract or uterus, and chronic menorrhagia. Some infants with severe iron deficiency have chronic intestinal blood loss induced by exposure to cow's milk protein. Repeated phlebotomy for blood tests is a cause of anaemia of prematurity.",,,Chronic posthaemorrhagic anaemia; Chronic posthaemorrhagic iron deficiency anaemia; anaemia due to chronic blood loss; chronic haemorrhagic anaemia; chronic iron deficiency anaemia secondary to blood loss; iron deficiency anaemia due to chronic blood loss
3A00.1,Acquired iron deficiency anaemia due to low intake,,"Iron deficiency is probably the most common nutritional deficiency disorder in the world. Iron deficiency anaemia during pregnancy increases perinatal risks for mothers and neonates; and increases overall infant mortality. Severe anaemia is a major risk factor associated with greatly increased morbidity and mortality for young children and pregnant women. Prompt recognition of the condition, treatment and clinical follow-up of individuals are crucial in avoiding complications such as high-output heart failure. Maternal iron deficiency during pregnancy increases the risk of iron deficiency in the infant. In less developed countries, the prevalence of iron deficiency during pregnancy is higher than in developed countries, and iron supplementation during pregnancy is beneficial.",,,Acquired iron deficiency anaemia due to low intake; Acquired anaemia due to iron deficiency secondary to dietary deficiency; Dietary Iron deficiency anaemia; Iron deficiency anaemia due to malnutrition
3A00.2,Acquired iron deficiency anaemia due to decreased absorption,,,,,"Acquired iron deficiency anaemia due to decreased absorption; Acquired iron deficiency anaemia due to decreased absorption, not otherwise specified; Acquired iron deficiency anaemia due to gastrectomy; Acquired iron deficiency anaemia due to coeliac disease"
3A00.3,Acquired iron deficiency anaemia due to increased requirement,,,,,"Acquired iron deficiency anaemia due to increased requirement; Acquired iron deficiency anaemia due to increased requirement, not otherwise specified; Acquired iron deficiency anaemia due to increased requirement in infancy; Acquired iron deficiency anaemia due to increased requirement in adolescence; Acquired iron deficiency anaemia due to increased requirement in pregnancy"
3A01,Megaloblastic anaemia due to vitamin B12 deficiency,,"A disease caused by inadequate dietary intake of vitamin B12, impaired absorption of vitamin B12, surgical removal of the small bowel, coeliac disease or inherited mutations affecting absorption of vitamin B12. This disease is characterised by decreased levels of vitamin B12 in the body presenting with or without anaemia. This disease may present with fatigue, pallor, dizziness, seizures, or symptoms of dementia. Confirmation is by identification of decreased levels of vitamin B12 in a blood sample.",,,
3A01.0,Hereditary vitamin B12 deficiency anaemia,,"This is a hereditary low blood level of vitamin B12. It can cause permanent damage to nervous tissue if left untreated long enough. Vitamin B12 itself was discovered through investigation of pernicious anaemia, which is an autoimmune disease that destroys parietal cells in the stomach that secrete intrinsic factor.",,,Hereditary vitamin B12 deficiency anaemia; congenital intrinsic factor deficiency; defects of cobalamin metabolism; megaloblastic anaemia due to hereditary vitamin B12 deficiency; Hereditary megaloblastic anaemia due to transcobalamin deficiency; Congenital megaloblastic anaemia due to transcobalamin II deficiency; TCN2 - [transcobalamin II deficiency]; transcobalamin II deficiency; transcobalamin II deficiency anaemia; transcobalamin deficiency; Anaemia due to selective hereditary vitamin B12 malabsorption with proteinuria
3A01.1,Neonatal vitamin B12 deficiency anaemia,,"A disease caused by a lack of vitamin B12 in the mother, which is passed onto the fetus in the antenatal period or to the neonate during breast feeding. This disease is characterised by decreased levels of vitamin B12. This disease may present with increased risk of birth defects or preterm delivery, anaemia, irritability, failure to thrive or apathy. Confirmation is by identification of low levels of vitamin B12 in a blood sample.",Congenital nutritional vitamin B12 deficiency due to maternal vitamin B12 deficiency,Hereditary vitamin B12 deficiency anaemia,Neonatal vitamin B12 deficiency anaemia; Megaloblastic anaemia due to congenital non-hereditary vitamin B12 deficiency; Congenital nutritional vitamin B12 deficiency due to maternal vitamin B12 deficiency; Nutritional vitamin B12 deficiency due to maternal vitamin B12 deficiency in breast-fed infants
3A01.2,Vitamin B12 deficiency anaemia due to low intake,,"A disease caused by insufficient intake of vitamin B12 into the body. This disease is characterised by low levels of vitamin B12 leading to low levels of red blood cells. This disease may present with pallor, fatigue, or shortness of breath. Confirmation is by identification of low levels of vitamin B12 and red blood cell count in a blood sample.",,,Vitamin B12 deficiency anaemia due to low intake; Dietary vitamin B12 deficiency anaemia; Megaloblastic anaemia due to vitamin B12 deficiency due to low intake; Vegan anaemia due to Vitamin B12 deficiency; vegan anaemia NOS
3A01.3,Vitamin B12 deficiency anaemia due to intrinsic factor deficiency,,,,Vitamin B12 deficiency anaemia due to congenital intrinsic factor deficiency,
3A01.30,Pernicious anaemia,,"Acquired pernicious anaemia, also called Biermer's disease, is a disorder in vitamin B12 (cobalamin) absorption characterised by megaloblastic anaemia and gastrointestinal symptoms, and that can lead to neurological abnormalities.",,,Pernicious anaemia; Biermer disease; Biermer-Addison disease; Pernicious anaemia associated with other autoimmune disorders
3A01.4,Vitamin B12 deficiency anaemia due to intestinal disease,,"A number of intestinal disorders can also cause vitamin B12 (cobalamin) deficiency. These include severe pancreatic diseases and small bowel diseases such as malabsorption, ileal disease (including tuberculous ileitis, lymphoma, amyloid, long-term survivors of pelvic irradiation), extensive small bowel resection or bypass, gastric surgery/reconstruction for obesity (bariatric surgery) and Crohn's disease. When jejunal blind loops are present, bacterial overgrowth within the loops competes for cobalamin, leading to cobalamin deficiency. Although not as common currently, infestation with the fish tapeworm, Diphyllobothrium latum, was once a classic cause of cobalamin deficiency.",,,Vitamin B12 deficiency anaemia due to intestinal disease; Acquired megaloblastic anaemia due to vitamin B12 deficiency secondary to intestinal disease
3A01.5,Drug-induced vitamin B12 deficiency anaemia,,,,,Drug-induced vitamin B12 deficiency anaemia; Megaloblastic anaemia due to drug-induced vitamin B12 deficiency
3A02,Folate deficiency anaemia,,,,,
3A02.0,Hereditary folate deficiency anaemia,,,,,Hereditary folate deficiency anaemia
3A02.1,Folate deficiency anaemia due to low intake,,,,,Folate deficiency anaemia due to low intake; Acquired megaloblastic anaemia due to nutritional folate deficiency; dietary folate deficiency anaemia; dietary folic acid deficiency anaemia; folate deficiency anaemia due to dietary causes; goat's milk anaemia; Nutritional macrocytic anaemia; Nutritional megaloblastic anaemia; megaloblastic anaemia due to poor nutrition
3A02.2,Folate deficiency anaemia due to increased requirements,,,,,Folate deficiency anaemia due to increased requirements; Acquired megaloblastic anaemia due to folate deficiency secondary to increased requirement; Megaloblastic anaemia due to increased requirements of folate; Acquired megaloblastic anaemia due to folate deficiency in pregnancy or lactation; Acquired megaloblastic anaemia due to folate deficiency in prematurity; Acquired megaloblastic anaemia associated with haemolytic anaemia; Acquired megaloblastic anaemia associated with dermatologic disorders; Acquired megaloblastic anaemia associated with psoriasis
3A02.3,Folate deficiency anaemia due to decreased intestinal absorption,,"A disease caused by determinants affecting intestinal absorption of folate arising after birth. This disease is characterised by low levels of folate in the body leading to incomplete formation of red blood cells resulting in large numbers of immature and incompletely developed red blood cells. This disease may present with fatigue, muscle weakness, loss of appetite, weight loss, diarrhoea, nausea, tachycardia or extremity paraesthesia. Confirmation is by identification of low folate levels in a blood sample.",,,Folate deficiency anaemia due to decreased intestinal absorption; Acquired megaloblastic anaemia due to decreased intestinal absorption of folate; Acquired megaloblastic anaemia due to folate deficiency secondary to intestinal disorders; Megaloblastic anaemia due to decreased intestinal absorption of folate
3A02.4,Drug-induced folate deficiency anaemia,,,,,Drug-induced folate deficiency anaemia; drug-induced megaloblastic anaemia due to folate deficiency; megaloblastic anaemia due to drug-induced folate deficiency
3A03,Certain nutritional or metabolic anaemias,,"A disease caused by nutritional and metabolic determinants leading to anaemia. This disease is characterised by decreased levels of red blood cells within the body. This disease may present with fatigue, pallor or dizziness. Confirmation is by identification of a decreased red blood cell count in a blood sample.",,,Certain nutritional or metabolic anaemias
3A03.0,Hereditary orotic aciduria,,"Hereditary orotic aciduria is an extremely rare (less than 20 cases identified worldwide) autosomal recessive disorder characterised by retarded growth, anaemia and excessive urinary excretion of orotic acid. It is due to a severe deficiency in the activity of the pyrimidine pathway enzyme uridine 5'-monophosphate (UMP) synthase (bifunctional enzyme containing two activities: orotate phosphoribosyltransferase and orotidine 5'-monophosphate decarboxylase), coded by a single gene (UMPS) localised to chromosome 3q13.",,,Hereditary orotic aciduria; Orotaciduric anaemia; orotic aciduria NOS; orotic aciduria anaemia; orotic aciduria megaloblastic anaemia; Hereditary orotic aciduria type 1; Combined orotate phosphoribosyltransferase and orotate-5-phosphate decarboxylase deficiency; Uridine monophosphate synthase deficiency; deficiency of orotate phosphoribosyltransferase; deficiency of orotidylic acid phosphorylase; Hereditary orotic aciduria type 2; Orotidine-5-phosphate decarboxylase deficiency; Orotidylic decarboxylase deficiency
3A03.1,Protein deficiency anaemia,,"A disease caused by low levels of protein within the body. This disease is characterised by a low red blood cell count in the blood. This disease may present with pallor, fatigue, or shortness of breath. Confirmation is by identification of a low red blood cell count in a blood sample.",,Lesch-Nyhan syndrome,Protein deficiency anaemia; Amino-acid deficiency anaemia; anaemia due to amino-acid disorder
3A03.2,Scorbutic anaemia,,"Scorbutic anaemia is a common finding in infants and young children with scurvy and is related to impaired iron absorption and coexistent haematopoietic nutrient deficiencies including iron, vitamin B12 and folate.",,,Scorbutic anaemia; anaemia due to ascorbic acid deficiency; anaemia due to scurvy; anaemia due to vitamin c deficiency; scorbutus anaemia
3A03.3,Copper deficiency anaemia,,Anaemia due to copper deficiency arises from impaired utilization of iron and is therefore a conditioned form of iron deficiency anaemia.,,,Copper deficiency anaemia; Anaemia due to copper deficiency
3A03.4,Acquired other vitamin B deficiency anaemia,,"A disease caused by a lack of B vitamins in the body arising after birth. This disease is characterised by low levels of B vitamins leading to low levels of red blood cells in the body. This disease may present with pallor, fatigue, or shortness of breath. Confirmation is by identification of low red blood cell count and low B vitamin counts in a blood sample.",,,Acquired other vitamin B deficiency anaemia
3A03.40,Acquired pyridoxine deficiency anaemia,,"A disease caused by determinants arising after birth. This disease is characterised by low levels of pyridoxine (vitamin B6) leading to low levels of red blood cells in the body. This disease may present with fatigue, muscle weakness, loss of appetite, weight loss, diarrhoea, nausea, fast heartbeat or numbness in extremities. Confirmation is by identification of low levels of pyridoxine and low red blood cell count in a blood sample.",,,Acquired pyridoxine deficiency anaemia; Acquired vitamin B6 deficiency anaemia
3A03.41,Acquired riboflavin deficiency anaemia,,"A disease caused by determinants arising after birth. This disease is characterised low levels of riboflavin (vitamin B2) leading to low levels of red blood cells in the body. This disease may present with fatigue, muscle weakness, loss of appetite, weight loss, diarrhoea, nausea, fast heartbeat or numbness in extremities. Confirmation is by identification of low levels of riboflavin and low red blood cell count in a blood sample.",,,Acquired riboflavin deficiency anaemia; Acquired vitamin B2 deficiency anaemia
3A03.42,Acquired thiamine deficiency anaemia,,"A disease caused by a lack of thiamine arising after birth. This disease is characterised low levels of thiamine in the body leading to low levels of red blood cells. This disease may present with fatigue, muscle weakness, loss of appetite, weight loss, diarrhoea, nausea, fast heartbeat or numbness in extremities. Confirmation is by identification of low levels of thiamine and low red blood cell count in a blood sample.",,,Acquired thiamine deficiency anaemia; Acquired vitamin B1 deficiency anaemia
3A03.5,Acquired vitamin A deficiency anaemia,,,,,Acquired vitamin A deficiency anaemia
3A03.6,Acquired vitamin E deficiency anaemia,,,Haemolytic anaemia due to vitamin E deficiency,,Acquired vitamin E deficiency anaemia; Haemolytic anaemia due to vitamin E deficiency
3A10,Hereditary haemolytic anaemia,,,,,
3A10.0,Haemolytic anaemias due to hexose monophosphate shunt or glutathione metabolism anomalies,,"This is a form of anaemia due to haemolysis, the abnormal breakdown of red blood cells (RBCs), either in the blood vessels (intravascular haemolysis) or elsewhere in the human body (extravascular). This diagnosis is due to a process that generates NADPH and pentoses (5-carbon sugars) and glutathione metabolism anomalies.",,,
3A10.00,Haemolytic anaemia due to glucose-6-phosphate dehydrogenase deficiency,,"Glucose-6-phosphate dehydrogenase (G6PD) deficiency is the most common hereditary erythrocyte enzyme deficiency that can manifest with severe neonatal jaundice which can lead to serious neurological consequences, or, most often, with acute haemolytic anaemia following ingestion of certain foods (fava beans), common drugs (some antimalaria drugs, sulphamides, analgesics), or in the course of an infection, in otherwise asymptomatic individuals.",,,"Haemolytic anaemia due to glucose-6-phosphate dehydrogenase deficiency; Chronic non spherocytic anaemia; Favism; G6PD - [glucose-6-phosphate dehydrogenase deficiency] anaemia; Haemolytic anaemia due toG6PD deficiency; anaemia due to glucose-6-phosphate dehydrogenase deficiency; anaemia due to pentose phosphate pathway defect; favism anaemia; glucose-6-phosphate dehydrogenase deficiency anaemia; glucose-6-phosphate dehydrogenase deficiency with anaemia; pentose phosphate pathway disorder anaemia; Baghdad spring anaemia; Hereditary haemolytic nonspherocytic type 1 anaemia; anaemia due to haemolytic nonspherocytic (hereditary), type 1; haemolytic nonspherocytic type 1 anaemia"
3A10.1,Haemolytic anaemia due to adenosine deaminase excess,,,,,Haemolytic anaemia due to adenosine deaminase excess
3A10.2,Hereditary elliptocytosis,,"Hereditary elliptocytosis is a group of rare conditions caused by abnormalities in the red cell cytoskeleton and marked by the presence on blood smears of numerous elliptical red blood cells, called elliptocytes. Clinical presentations are highly heterogeneous ranging from asymptomatic forms to more severe forms associated with variable anaemia, from moderate to severe and with pyropoikilocytosis including fragmented red cells, microelliptocytes and microspherocytes.",Common hereditary elliptocytosis; Homozygous hereditary elliptocytosis; Spherocytic elliptocytosis; Hereditary pyropoikilocytosis,,Hereditary elliptocytosis; HE - [hereditary elliptocytosis]; Hereditary elliptocytosis with infantile poikilocytosis; congenital elliptocytosis; congenital ovalocytosis; elliptocytosis; elliptocytosis anaemia; hereditary ovalocytosis; oval erythrocytosis; ovalocytosis; Common hereditary elliptocytosis; Common heterozygous hereditary elliptocytosis; Homozygous hereditary elliptocytosis; Spherocytic elliptocytosis; Hereditary pyropoikilocytosis
3A10.3,Familial pseudohyperkalaemia,,A disease caused by a genetically inherited mutation. This disease is characterised by a temperature-dependent defect in red cell membrane permeability to potassium that leads to high in vitro potassium levels in samples stored below 37°C leading to elevated potassium levels in the blood that does not reflect the true potassium level. Confirmation is by identification of genetic mutation through genetic testing.,,,"Familial pseudohyperkalaemia; Hereditary pseudohyperkalaemia; Familial pseudohyperkalaemia type 1; Familial pseudohyperkalaemia type 2; Familial pseudohyperkalaemia, Cardiff type"
3A20,"Acquired haemolytic anaemia, immune",,"A condition characterised by antibodies that are directed against red blood cells in an autoimmune reaction leading to low levels of red blood cells. This condition may present with pallor, fatigue, shortness of breath. Confirmation is by identification of antibodies in a blood sample and positive Coombs test result.",,,
3A20.0,"Autoimmune haemolytic anaemia, warm type",,"Autoimmune haemolytic anaemia (AIHA) is an autoimmune disorder in which various types of auto-antibodies are directed against red blood cells causing their survival to be shortened and resulting in haemolytic anaemia. AIHA can be primary (idiopathic), secondary to infection or associated with diseases such as B-cell lymphomas, other systemic or organ-specific autoimmune diseases, Hodgkin's disease, hepatitis or primary immunodeficiencies, or, in the case of drug-induced AIHA, caused by a reaction to drugs.",,Evans syndrome; Haemolytic disease of fetus or newborn; Paroxysmal cold haemoglobinuria,"Autoimmune haemolytic anaemia, warm type; AHA - [autoimmune haemolytic anaemia]; Autoimmune haemolytic anaemia due to warm antibodies; Autoimmune haemolytic disease warm type; acquired autoimmune haemolytic anaemia; autoimmune haemolytic anaemia; haemolytic anaemia due to warm antibody; other autoimmune haemolytic anaemias; secondary autoimmune haemolytic anaemia; secondary warm type haemolytic anaemia; symptomatic autoimmune haemolytic anaemia; symptomatic warm type haemolytic anaemia; warm AIHA - [autoimmune haemolytic anaemia]; warm autoimmune haemolytic anaemia; warm type autoimmune haemolytic disease; warm type haemolytic anaemia; warm type secondary haemolytic anaemia; warm type symptomatic haemolytic anaemia; Dyke Young type anaemia; secondary Dyke Young type anaemia; Lederer anaemia; acute Lederer haemolytic anaemia"
3A20.1,"Autoimmune haemolytic anaemia, cold type",,"Cold autoimmune haemolytic anaemia comprises two types of autoimmune haemolytic anaemia (AIHA) defined by the presence of cold autoantibodies (autoantibodies which are active at temperatures below 30°C): cold agglutinin disease (CAD), which is the more common, and paroxysmal cold haemoglobinuria (PCH). CAD is more common in people over the age of 55 years, while PCH typically presents in young children. CAD is caused by IgM autoantibodies while PCH is caused by an IgG immunoglobulin.",Cold haemagglutinin disease,Immune thrombocytopenic purpura; Haemolytic disease of fetus or newborn,"Autoimmune haemolytic anaemia, cold type; autoimmune cold sense; autoimmune cold sensitivity; autoimmune haemolytic anaemia due to cold antibodies; cold antibody haemolytic anaemia; cold autoimmune haemolytic anaemia; cold haemolytic disease; cryopathic haemolytic anaemia; idiopathic cold autoimmune haemolytic anaemia; secondary cold type haemolytic anaemia; symptomatic cold type haemolytic anaemia; Cold haemagglutinin disease; CHAD - [cold hemagglutinin disease]; Cold agglutinin disease; Cold agglutinin haemoglobinuria; cold agglutinin disease or haemoglobinuria; cold hemagglutinin disease"
3A20.2,"Autoimmune haemolytic anaemia, mixed type, cold and warm",,"Mixed autoimmune haemolytic anaemia is a type of autoimmune haemolytic anaemia (AIHA) defined by the presence of both warm and cold autoantibodies, which have a deleterious effect on red blood cells at either body temperature or at lower temperatures.",,,"Autoimmune haemolytic anaemia, mixed type, cold and warm"
3A20.3,Paroxysmal cold haemoglobinuria,,"Paroxysmal cold hemoglobinuria is a very rare subtype of autoimmune haemolytic anaemia (AIHA), caused by the presence of cold-reacting autoantibodies in the blood and characterised by the sudden presence of hemoglobinuria, typically after exposure to cold temperatures. PCH is thought to account for at most 2-10% of cases of AIHA.",,,Paroxysmal cold haemoglobinuria; Donath-Landsteiner syndrome
3A20.4,Alloimmune haemolytic anaemia,,"A disease caused by determinants such as a blood transfusion that lead to an immune response directed against the person's own red blood cells. This disease is characterised by low levels of red blood cells in the body due to abnormal destruction of the red blood cells. This disease may present with pallor, fatigue, or shortness of breath. Confirmation is by identification of low red blood cell count in a blood sample.",,Haemolytic disease of fetus or newborn,"Alloimmune haemolytic anaemia; Lymphocyte passenger syndrome, following organ transplantation"
3A20.5,Evans syndrome,,"Evans syndrome is characterised by the association of autoimmune haemolytic anaemia with another haematological anomaly. The thrombocytopaenia may precede, occur concurrently with, or secondary to the autoimmune haemolytic anaemia.",,,Evans syndrome
3A21,"Acquired haemolytic anaemia, non-immune",,"A disease caused by determinants such as infection, toxic chemicals, drugs and trauma arising after birth. This disease is characterised by haemolysis of red blood cells. This disease may present with pallor, fatigue, or shortness of breath. Confirmation is by identification of decreased red blood cell count in a blood sample and negative Coombs test result.",,,
3A21.0,Paroxysmal nocturnal haemoglobinuria,,"Paroxysmal nocturnal hemoglobinuria (PNH) is an acquired clonal hematopoietic stem cell disorder characterised by corpuscular haemolytic anaemia, bone marrow failure and frequent thrombotic events.",,Aplastic anaemia with paroxysmal nocturnal haemoglobulinuria; haemoglobinuria NOS,Paroxysmal nocturnal haemoglobinuria; Marchiafava-Micheli disease; Marchiafava-Micheli syndrome; nocturnal haemoglobinuria; nocturnal paroxysmal haematuria; nocturnal paroxysmal haemoglobinaemia
3A21.1,Microangiopathic haemolytic anaemia,,This is a microangiopathic subgroup of haemolytic anaemia (loss of red blood cells through destruction) caused by factors in the small blood vessels. It is identified by the finding of anaemia and schistocytes on microscopy of the blood film.,,,Microangiopathic haemolytic anaemia; Neoplastic microangiopathic haemolytic anaemia
3A21.2,Haemolytic uraemic syndrome,,,,Hereditary haemolytic uraemic syndrome,Haemolytic uraemic syndrome; Gasser syndrome; HUS - [haemolytic uraemic syndrome]; Typical haemolytic uraemic syndrome; Glomerular disorders in haemolytic uraemic syndrome
3A50,Thalassaemias,,"A disease caused by genetically inherited autosomal recessive mutations leading to abnormal production of haemoglobin. This disease is characterised by destruction of red blood cells leading to anaemia and abnormal production of haemoglobin. This disease may present with pallor, jaundice, iron overload, fatigue, or shortness of breath. Confirmation is by identification of mutations through genetic testing.",,,
3A50.0,Alpha thalassaemia,,"Alpha-thalassemia is an inherited haemoglobinopathy characterised by impaired synthesis of alpha-globin chains leading to a variable clinical picture depending on the number of affected alleles, and encompassing the alpha thalassaemia trait, haemoglobin H disease (HbH) and Bart's hydrops fetalis.",,Hydrops fetalis due to haemolytic disease,
3A50.00,Mild alpha thalassaemia diseases,,"A disease caused by genetically inherited factors affecting the alpha chain of the haemoglobin molecule. This disease is characterised by structural abnormalities of the haemoglobin molecule. This disease may present with mild anaemia: pallor, fatigue, shortness of breath. Confirmation is by identification of changes to the alpha chain by genetic testing.",,,Mild alpha thalassaemia diseases; Alpha thalassaemia minor; Mild alpha thalassaemia syndromes; Heterozygous alpha+ thalassaemia (– α/αα) (thalassaemia trait); Heterozygous alpha thalassaemia (––/ααα) (thalassaemia trait); Homozygous alpha+ thalassaemia (– α/– α) (thalassaemia trait); Heterozygous non-deletional alpha thalassaemia (αTα/αα and ααT/αα included)
3A50.01,Thalassaemic alpha-chain variants,,,,,Thalassaemic alpha-chain variants; Haemoglobin Koya Dora; Haemoglobin Pakse; Haemoglobin Seal Rock; Haemoglobin Constant Spring
3A50.02,Haemoglobin H disease (– α/– – included),,Haemoglobin H (HbH) disease is a moderate to severe form of alpha-thalassemia characterised by pronounced microcytic hypochromic haemolytic anaemia.,,,Haemoglobin H disease (– α/– – included); HbH - [haemoglobin H] disease; alpha - /- - or mutational forms of alpha-thalassaemia; alpha thalassaemia intermedia
3A50.03,Hemoglobin Bart's fetalis syndrome,,"Hb Bart's hydrops fetalis (HBFS) is the most severe form of alpha-thalassemia and is almost always lethal. It is characterised by fetal onset of generalised oedema, pleural and pericardial effusions, and severe hypochromic anaemia. 
HBFS can be caused by either homozygous or compound heterozygous alpha0 (alpha zero) thalassaemia, resulting in zero functional alpha haemoglobin genes.",,,Hemoglobin Bart's fetalis syndrome; BHFS - [Bart's hydrops fetalis syndrome]; HBHF - [Hb Bart's hydrops fetalis]; Haemoglobin Bart's disease; Hb Bart's hydrops fetalis; Hb Bart's hydrops fetalis syndrome; alpha thalassaemia hydrops fetalis; alpha-thalassemia major; haemoglobin Bart hydrops fetalis; homozygous alpha0-thalassemia
3A50.1,Alpha thalassaemia related syndromes,,"Alpha-thalassemia-related diseases refers to a group of diseases characterised by alpha-thalassemia and an associated disorder. Three conditions are included in this group: alpha-thalassemia-intellectual deficit syndrome, X-linked (or ATR-X syndrome), alpha-thalassemia-intellectual deficit syndrome and alpha-thalassemia-myelodysplastic disease or ATMDS.",,,Alpha thalassaemia related syndromes; Alpha thalassaemia related diseases; Alpha thalassaemia - X-linked intellectual deficit; X-linked alpha thalassaemia with mental retardation; Alpha thalassaemia - intellectual deficit syndrome; 16pter-p13.3 deletion; Alpha-thalassaemia intellectual disability syndrome linked to chromosome 16
3A50.2,Beta thalassaemia,,"Beta-thalassemia (BT) is a haemoglobinopathy characterised by deficiency (Beta+) or absence (Beta0) of synthesis of the beta globin chains of haemoglobin (Hb). Three main types of BT have been described: minor, intermedia and major with clinical presentation ranging from asymptomatic forms to microcytic anaemia and splenomegaly due to defective erythropoiesis and haemolysis.",Beta thalassaemia minor; Beta thalassaemia intermedia; Dominant beta thalassaemia; Beta thalassaemia major,,Beta thalassaemia; Mediterranean anaemia; Mediterranean disease; beta thalassaemia disease; beta thalassaemia syndrome; Beta thalassaemia minor; Beta thalassaemia carrier; Beta thalassaemia trait; Heterozygous beta-thalassaemia; Beta thalassaemia intermedia; Dominant beta thalassaemia; Beta thalassaemia major; Compound heterozygotes for beta zero or beta+ or delta-beta-thal genes; Cooley anaemia; Homozygous beta thalassaemia; erythroblastic anaemia of childhood; familial erythroblastic anaemia; Haemoglobin E beta thalassaemia; Hb E/beta thalassaemia; Beta-thalassemia-X-linked thrombocytopenia syndrome
3A50.3,"Delta, delta-beta or gamma-delta-beta thalassaemia",,Delta-beta-thalassemia is a form of beta-thalassemia characterised by decreased or absent synthesis of the delta- and beta-globin chains with a compensatory increase in expression of fetal gamma-chain synthesis.,,,"Delta, delta-beta or gamma-delta-beta thalassaemia; Delta thalassaemia; Delta-beta thalassaemia; f thalassaemia; Gamma-delta-beta thalassaemia; Haemoglobin Lepore"
3A50.4,Hereditary persistence of fetal haemoglobin,,Hereditary persistence of fetal haemoglobin (HPFH) associated with beta-thalassaemia is a haemoglobinopathy characterised by high haemoglobin (Hb)F levels and an increased number of fetal-Hb-containing cells. The association of HPFH with beta-thalassaemia mitigates the clinical manifestations which vary from a normal state to beta-thalassaemia intermedia.,,,"Hereditary persistence of fetal haemoglobin; HPFH - [Hereditary persistence of fetal haemoglobin]; fetal haemoglobin; persistence of fetal haemoglobin; persistent haemoglobin F; Hereditary persistence of fetal haemoglobin, deletional; Hereditary persistence of fetal haemoglobin, non-deletional"
3A51,Sickle cell disorders or other haemoglobinopathies,,"Any disorder caused by a HbS mutation in the haemoglobin gene. This disorder is characterised by abnormal rigid sickle-shaped red blood cells decreasing its ability to carry oxygen. This disorder may present with fatigue, shortness of breath, dizziness, headaches, pallor of skin or mucous membranes, and jaundice. This disorder is confirmed by identification of HbS mutation by genetic testing.",,,
3A51.0,Sickle cell trait,,A disease caused by genetic inheritance of one abnormal allele of the haemoglobin gene. This disease does not display the severe symptoms of sickle cell disease that occurs in homozygous individuals. Confirmation is by identification of mutation through genetic testing.,,,Sickle cell trait; AS - [sickle cell trait]; Hb-S - [sickle cell haemoglobin] carrier; HbAS - [heterozygous haemoglobin S]; HbAS - [sickle cell haemoglobin trait]; Sickle-cell disease carrier; haemoglobin a-s genotype; haemoglobin sickle cell trait disorder; heterozygous sickle cell trait; sickle cell haemoglobin trait; sickle-cell heterozygous disorder; sickle-cell trait haemoglobin disease
3A51.1,Sickle cell disease without crisis,,"A disorder caused by a HbS mutation in the haemoglobin gene. This disorder is characterised by abnormal rigid sickle-shaped red blood cells decreasing its ability to carry oxygen. This disorder may present with fatigue, shortness of breath, dizziness, headaches, pallor of skin or mucous membranes, and jaundice. This disorder is confirmed by identification of HbS mutation by genetic testing.",,,Sickle cell disease without crisis; Hb S disease; Hb SS disease; Hb-SS disease without crisis; HbSS without crisis; Herrick anaemia; SCA - [sickle cell anaemia]; SCD - [sickle cell disease]; Sickle-cell anaemia NOS; Sickle-cell anaemia without crisis; haemoglobin S disease; haemoglobin SS disease; hereditary haemoglobinopathy disorder homozygous for haemoglobin S; sickle cell disease NOS; sickle cell disorder; sickle cell syndrome; sickle-cell disorder NOS; sickle-cell haemoglobin disease; sickling disorder due to haemoglobin S; Sickle cell nephropathy; Drepanocythemia; drepanocytic anaemia; drepanocytosis
3A51.2,Sickle cell disease with crisis,,"Sickle cell crisis occurs when the sickle cells block blood flow, thus decreasing oxygen delivery to the tissues. This results in intense to severe pain in the extremities, lower back, abdomen, and chest. A crisis can be brought on by illness, stress, dehydration, exposure to temperature changes or high altitudes.",Hb-SS disease with crisis,,Sickle cell disease with crisis; Hb S disease with mention of crisis; Hb-SS disease with crisis; Hb-SS disease with vaso-occlusive pain; HbSS with crisis; haemoglobin SS disease with crisis; sickle cell crisis; sickle-cell anaemia with crisis; sickle-cell disorder with crisis; vaso-occlusive crisis; Sickle cell disease with crisis with acute chest syndrome; HbSS with crisis with acute chest syndrome; Sickle cell disease with crisis with splenic sequestration; HbSS with crisis with splenic sequestration; Sickle cell disease with crisis with fever; HbSS with crisis with fever
3A51.3,Compound heterozygous sickling disorders without crisis,,"A disease caused by genetic inheritance of two heterozygous recessive alleles of the haemoglobin gene leading to abnormal formation of haemoglobin molecule. This disease is characterised by rigid, sickle shaped red blood cells. Confirmation is by identification of mutations through genetic testing.",Sickle cell Hb-C disease without crisis; Sickle cell thalassaemia without crisis,,"Compound heterozygous sickling disorders without crisis; double heterozygous sickling disorder; Sickle cell Hb-C disease without crisis; Hb S Hb C disease; Hb SC disease; sickle-cell HbC disease; Sickle cell thalassaemia without crisis; double heterozygous for Hb S or beta thalassaemia; haemoglobin s/beta thalassaemia; microdrepanocytosis; sickle-cell beta thalassaemia; sickle-cell thalassaemia; thalassaemia with haemoglobin S disease; Compound HbS or HbC heterozygotes; Compound HbS, HbD-Punjab or Los Angeles heterozygotes; Hb-SD disease; Compound HbS or HbE heterozygotes; Hb SE disease; Compound HbS or O-Arab heterozygotes; Double heterozygous sickling disorders with retinopathy; Glomerular disorders in double heterozygous sickling disorders; Gouty arthropathy in double heterozygous sickling disorders; Compound HbS or beta thalassaemia heterozygotes; Compound HbS and beta thalassaemia heterozygotes including HbS/delta-beta-thal compounds; Hereditary persistence of fetal haemoglobin - sickle cell disease"
3A51.4,Compound heterozygous sickling disorders with crisis,,"Compound heterozygous sickling disorders with crisis may present with acute chest syndrome, splenic sequestration, haemolytic crisis, and pain.",,,Compound heterozygous sickling disorders with crisis; Sickle cell Hb-C disease with crisis; Hb S Hb C disease with crisis; Hb SC disease with crisis; Sickle cell Hb-C disease with crisis with acute chest syndrome; Sickle cell Hb-C disease with crisis with splenic sequestration; Sickle cell Hb-C disease with crisis with fever; Sickle cell thalassaemia with crisis; sickle-cell beta thalassaemia with crisis; thalassaemia Hb S disease; thalassaemia Hb S disease with crisis; Sickle cell thalassaemia with crisis with acute chest syndrome; Sickle cell thalassaemia with crisis with splenic sequestration; Sickle cell thalassaemia with crisis with fever; Sickle-cell thalassaemia with vaso-occlusive pain
3A51.5,Haemoglobin C disease,,"A disease caused by the bi-parental gene that encodes for haemoglobin C. This disease is characterised by abnormal structure of one of the globin chains of the haemoglobin molecule. This disease may present with mild haemolytic anaemia, increased risk for gallstones, enlarged spleen, episodes of joint pain, and increased risk of infection. This disease is confirmed by identification of the haemoglobin C gene by genetic testing.",,Hereditary persistence of fetal haemoglobin,"Haemoglobin C disease; Homozygous HbC carriers; Homozygous (HbC/HbC, HbC/beta-thal and other)"
3A51.6,Haemoglobin D disease,,Haemoglobin D (Hb D) disease is characterised by mild haemolytic anaemia and mild to moderate splenomegaly. Prevalence is unknown. Heterozygous forms of Hb D are clinically silent. Molecular testing can be useful to distinguish Hb D homozygosity from cases of heterozygous Hb D in association with beta-(0) thalassaemia.,,,Haemoglobin D disease; Hb D Los Angeles disease; Hb D Punjab disease; Los Angeles disease; Punjab disease
3A51.7,High affinity haemoglobin,,"A disease caused by determinants arising after birth, in the antenatal period or by genetically inherited factors leading to high oxygen affinity haemoglobin. This disease is characterised by abnormalities in the globin chains that alter the affinity of the haemoglobin molecule for oxygen, affecting the normal loading of oxygen in the lungs and delivery of oxygen to the tissues.",,,High affinity haemoglobin; Haemoglobins with abnormal oxygen affinity
3A51.8,Low affinity haemoglobin,,"A disease caused by determinants arising after birth, in the antenatal period or by genetically inherited factors leading to low oxygen affinity haemoglobin. This disease is characterised by abnormalities in the globin chains that alter the affinity of the haemoglobin molecule for oxygen, affecting the normal loading of oxygen in the lungs and delivery of oxygen to the tissues. This disease may present with fatigue, muscle weakness, loss of appetite, weight loss, diarrhoea, nausea, fast heartbeat or numbness in extremities.",,,Low affinity haemoglobin; Haemoglobins causing cyanosis
3A51.9,Haemoglobin O disease,,"A disease caused by the bi-parental inheritance of the gene that encodes for haemoglobin O. This disease is characterised by abnormal structure of one of the globin chains of the haemoglobin molecule. This disease may present with mild haemolytic anaemia, increased risk for gallstones, enlarged spleen, episodes of joint pain, and increased risk of infection. This disease is confirmed by identification of the haemoglobin O gene by genetic testing.",,,Haemoglobin O disease; Arab disease
3A51.A,Haemoglobin E disease,,"Haemoglobin E disease is characterised by the synthesis of an abnormal haemoglobin called haemoglobin E (HbE), instead of the normal haemoglobin A (HbA). Subjects heterozygous for HbE (AE) have an asymptomatic condition with no clinical relevance, except for the risk of transmitting E/beta thalassemia if the other parent carries beta thalassemia. The severity of these E/beta thalassemia forms is very variable, the clinical picture ranging from that of beta thalassemia minor through to thalassemia intermedia to thalassemia major. Subjects homozygous for HbE (EE) are asymptomatic.",,,Haemoglobin E disease; Homozygous HbE carriers; Compound HbE or other Hb mutant heterozygotes
3A51.B,Haemoglobin C/beta thalassaemia compound heterozygosity,,"Haemoglobin C/beta thalassaemia is a condition resulting from coinheritance of haemoglobin C and beta thalassaemia, both beta globin genes being mutated.",,,Haemoglobin C/beta thalassaemia compound heterozygosity; Compound heterozygosity for haemoglobin C or beta thalassaemia
3A60,Congenital pure red cell aplasia,,"A condition caused by determinants arising during the antenatal period, leading to a change in the formation of erythrocytes. This condition is characterised by maturation arrest occurring in the formation of erythrocytes. This condition may present with severe anaemia. Confirmation is by identification of decreased red blood cell count in a blood sample.",,,
3A60.0,Congenital non-inherited pure red cell aplasia,,"A condition caused by determinates arising during the antenatal period, leading to a change in the formation of erythrocytes. This condition is characterised by maturation arrest occuring in the formation of erythrocytes. This condition may present with severe anaemia. Confirmation is by identification of decreased levels of red blood cells in a blood sample.",,,Congenital non-inherited pure red cell aplasia
3A60.1,Hereditary pure red cell aplasia,,"A condition caused by determinates arising during the antenatal period, leading to a change in the formation of erythrocytes. This condition is characterised by maturation arrest occuring in the formation of erythrocytes. This condition may present with severe anaemia. Confirmation is by identification of decreased red blood cell count in a blood sample.",Blackfan-Diamond anaemia,,Hereditary pure red cell aplasia; Constitutional pure red cell aplasia; Familial hypoplastic anaemia with malformations; Blackfan-Diamond anaemia; Aase syndrome; Aase-Smith 2 syndrome; Aase-Smith II syndrome; Blackfan-Diamond disease; Blackfan-Diamond hypoplastic congenital anaemia; Blackfan-Diamond syndrome
3A61,Acquired pure red cell aplasia,,"This refers to a chronic and acquired type of anaemia affecting the precursors to red blood cells but not to white blood cells. In Pure red cell aplasia (PRCA), the bone marrow ceases to produce red blood cells.",,Aplastic anaemia with paroxysmal nocturnal haemoglobulinuria,
3A61.0,Acute acquired pure red cell aplasia,,"This refers to transient (acute) and acquired type of anaemia affecting the precursors to red blood cells but not to white blood cells. In pure red cell aplasia (PRCA), the bone marrow ceases to produce red blood cells.",,,Acute acquired pure red cell aplasia; Transient acquired pure red cell aplasia; Transient erythroblastopenia of childhood; transient pure red cell aplasia; transient red cell aplasia; transient red cell aplastic anaemia; Pure red cell aplasia due to acute parvovirus B19 infection
3A61.1,Chronic acquired pure red cell aplasia,,"This refers to a chronic and acquired type of anaemia affecting the precursors to red blood cells but not to white blood cells. In pure red cell aplasia (PRCA), the bone marrow ceases to produce red blood cells.",,,Chronic acquired pure red cell aplasia; Adult pure red cell aplasia; chronic pure red cell aplasia; chronic red cell aplasia; chronic red cell aplastic anaemia; primary pure red cell aplasia; primary red cell aplasia; Chronic erythroid dysplasia; Drug-induced pure red cell aplasia; Pure red cell aplasia due to chronic parvirus B19 infection
3A70,Aplastic anaemia,,"A disease caused by determinants arising after birth, in the antenatal period or genetically inherited factors leading to the inability of stem cells to generate new mature cells. This disease is characterised by low levels of red blood cells, white blood cells, and platelets. This disease may present with pallor, fatigue, dizziness, increased risk of infection or increased bruising or bleeding.",Medullary hypoplasia; Panmyelophthisis,,
3A70.0,Congenital aplastic anaemia,,"A disease caused by determinants in the antenatal period leading to the inability of stem cells to generate new mature cells. This disease is characterised by low levels of red blood cells, white blood cells, platelets. This disease may present with pallor, fatigue, dizziness, increased risk of infection or increased bruising or bleeding.",Constitutional medullar aplasia; familial hypoplastic anaemia; Fanconi anaemia,Congenital amegakaryocytic thrombocytopenia,Congenital aplastic anaemia; Constitutional medullar aplasia; congenital or familial hypoplastic anaemia; congenital pancytopenia; constitutional aplastic anaemia; constitutional aplastic anaemia with malformation; constitutional panhaematopenia; constitutional panhemocytopenia; familial hypoplastic anaemia; pancytopenia with malformation; Fanconi anaemia; Fanconi pancytopenia; Fanconi pancytopenia syndrome; Fanconi-ichthyosis-dysmorphism syndrome; Fanconi familial refractory anaemia; Fanconi hypoplastic anaemia; Dyskeratosis congenita; Autosomal dominant dyskeratosis congenita; AD-DKC - [Autosomal dominant dyskeratosis congenita]; Autosomal recessive dyskeratosis congenita; AR-DKC - [Autosomal recessive dyskeratosis congenita]; Hoyeraal-Hreidarsson syndrome; Progressive pancytopenia - immunodeficiency - cerebellar hypoplasia; Shwachman-Diamond syndrome; Congenital lipomatosis of pancreas; WT limb-blood syndrome
3A70.1,Acquired aplastic anaemias,,"A condition occurring secondary to other disorders or via an auto-immune response directed to the bone marrow arising after birth. This disease is characterised by an almost complete absence of hematopoietic stem cells resulting in low levels of red and white blood cells and platelets. This condition may present with fatigue, chronic infections, dizziness, weakness, headaches, and episodes of bleeding, usually in the skin and mucous membranes.",Acquired medullar aplasia,,
3A70.10,Drug-induced aplastic anaemia,,"A disease caused by drug intake. This disease is characterised by inability of stem cells to generate new mature cells leading to low levels of red blood cells, white blood cells, platelets. This disease may present with pallor, fatigue, dizziness, increased risk of infection or increased bruising/bleeding.",,,Drug-induced aplastic anaemia; aplastic anaemia due to drugs; medicament-induced aplastic anaemia; Aplastic anaemia due to cytostatic therapy
3A70.11,Aplastic anaemia due to other external agents,,,,,Aplastic anaemia due to other external agents; aplastic anaemia due to toxic cause; toxic anaemia; toxic aplastic anaemia
3A70.12,Idiopathic aplastic anaemia,,,,,Idiopathic aplastic anaemia; Idiopathic bone marrow failure; idiopathic aplastic anaemia NOS
3A71,Anaemia due to chronic disease,,"A disease caused by chronic diseases such as chronic infection. This disease is characterised by inflammatory responses targeted at red blood cells leading to low levels of red blood cells in the body. This disease may present with pallor, fatigue, or shortness of breath. Confirmation is by identification of low levels of red blood cells in a blood sample.",,,
3A71.0,Anaemia in neoplastic disease,,"A disease caused by chronic neoplastic diseases. This disease is characterised by inflammatory responses targeted at red blood cell leading to low levels of red blood cells in the body. This disease may present with pallor, fatigue, or shortness of breath. Confirmation is by identification of low levels of red blood cells in a blood sample",,,Anaemia in neoplastic disease
3A71.1,Anaemia in chronic infectious diseases,,"A disease caused by chronic infectious diseases leading to decreased levels of red blood cells in the blood. This disease is characterised by a low red blood cell count in the body. This disease may present with pallor, fatigue, or shortness of breath. Confirmation is by identification of low red blood cell count in a blood sample.",,,Anaemia in chronic infectious diseases
3A71.2,Anaemia in chronic kidney disease,,"A disease caused by chronic kidney disease. This disease is characterised by a low red blood cell count in the blood. This disease may present with pallor, fatigue, or shortness of breath. Confirmation is by identification of a low red blood cell count in a blood sample.",,,Anaemia in chronic kidney disease
3A72,Sideroblastic anaemia,,"Sideroblastic anaemias are a group of disorders in which haemoglobin is insufficiently synthesized, because of defective use of iron (although plasmatic iron levels may be normal or elevated). They are said to be sideroblastic because of the presence of ringed sideroblasts in the blood due to accumulated ferritin in mitochondria. Anaemias may be microcytic hypochrome (in thalassemia and hereditary sideroblastic anaemias), or macrocytic (in idiopathic acquired sideroblastic anaemias).",,,
3A72.0,Congenital sideroblastic anaemias,,"A disease caused by determinants arising in the antenatal period leading to the production of ringed sideroblasts; abnormal nucleated erythroblasts. This disease is characterised by the inability to incorporate haemoglobin, which red blood cells need to transport oxygen efficiently. This disease may present with pallor, fatigue, dizziness, and enlarged spleen and liver, heart disease, liver damage, or kidney failure.",,,
3A72.00,Hereditary sideroblastic anaemias,,,"Sex-linked hypochromic sideroblastic anaemia; X-linked sideroblastic anaemia, pyridoxine-responsive; Autosomal recessive sideroblastic anaemia, pyridoxine-refractory",,"Hereditary sideroblastic anaemias; Autosomal recessive sideroblastic anaemia; Sex-linked hypochromic sideroblastic anaemia; familial sex linked hypochromic anaemia; X-linked sideroblastic anaemia, pyridoxine-responsive; Erythroid 5-aminolevulinate synthase deficiency; Autosomal dominant sideroblastic anaemia; Autosomal recessive congenital sideroblastic anaemia; Severe congenital hypochromic anaemia with ringed sideroblasts; Autosomal recessive sideroblastic anaemia, pyridoxine-refractory; Adult-onset autosomal recessive sideroblastic anaemia"
3A72.01,Hereditary syndromic sideroblastic anaemia,,,,,Hereditary syndromic sideroblastic anaemia; X-linked sideroblastic anaemia with ataxia; Pearson syndrome
3A72.1,Acquired sideroblastic anaemias,,"A disease caused by determinants arising after birth such as myelodysplastic syndromes, antimicrobials, pyridoxine deficiency, lead poisoning, or copper deficiency. Zinc can indirectly cause sideroblastic anaemia by decreasing absorption and increasing excretion of copper. This disease is characterised by the inability to incorporate haemoglobin, which red blood cells need to transport oxygen efficiently. This disease may present with pallor, fatigue, dizziness, and enlarged spleen and liver, heart disease, liver damage, or kidney failure.",,,"Acquired sideroblastic anaemias; Secondary sideroblastic anaemia due to drugs or toxins; Secondary sideroblastic anaemia due to another disease; Pyridoxine-responsive sideroblastic anaemia, not elsewhere classified; hypochromic pyridoxine-responsive anaemia; vitamin b6-responsive anemia; vitamin b6-responsive sideroblastic anaemia"
3A73,Congenital dyserythropoietic anaemia,,"Congenital dyserythropoietic anaemias (CDA) result from diverse erythropoietic disorders; they lead to the defective production of red blood cells (RBC) and often mild haemolysis that attests to a qualitative defect of these RBC released into the circulation. Three forms of CDA have been characterised: types I, II and III. The shared symptoms include anaemia of variable severity, intermittent jaundice, splenomegaly and hepatomegaly.",,Blackfan-Diamond syndrome; Di Guglielmo disease,Congenital dyserythropoietic anaemia; CDA - [congenital dyserythropoietic anaemia]; congenital dyshaematopoietic anaemia; dyserythropoietic anaemia; dyserythropoietic dyshaematopoietic congenital anaemia; dyshaematopoietic anaemia; Congenital dyserythropoietic anaemia type I; CDA type 1 -[Congenital dyserythropoietic anaemia type 1]; Congenital dyserythropoietic anaemia type II; CDA type 2 - [Congenital dyserythropoietic anaemia type 2]; Congenital dyserythropoietic anaemia type III; CDA type 3 - [Congenital dyserythropoietic anaemia type 3]; Dyserythropoietic anaemia with thrombocytopenia; X-linked dyserythropoietic anaemia and thrombocytopenia
3A80,Congenital polycythaemia,,"A disease caused by determinants occurring in the antenatal period leading to changes in the concentration of red blood cells. This disease is characterised by having a high concentration of red blood cells in the body leading to slow flow of blood. This disease may present with headaches, blurred vision, red skin, tiredness, high blood pressure, dizziness, periods of confusion, bleeding problems, gout or itchy skin. Confirmation is by identification of increased levels of red blood cells in a blood sample.",,,
3A80.0,Primary inherited erythrocytosis,,A disease caused by genetically inherited factors leading to changes in the concentration of red blood cells. This disease is characterised by having a high concentration of red blood cells in the body leading to slow flow of blood. Confirmation is by identification of mutations by genetic testing.,,,Primary inherited erythrocytosis; Primary familial polycythaemia; Primary inherited polycythaemia; Polycythaemia due to HIF2A mutation; Polycythaemia due to PHD2 mutation; Polycythaemia due to VHL mutation; Chuvash erythrocytosis; Chuvash polycythaemia; Von Hippel-Lindau-dependent polycythaemia; Primary familial polycythaemia due to EPOR mutation; Primary familial polycythaemia due to other mutations
3A81,Acquired polycythaemia,,"Secondary polycythaemia is acquired and caused by either natural or artificial increases in the production of erythropoietin, hence an increased production of erythrocytes.",,,
3A81.0,"Polycythaemia due to hypoxia, including high altitude",,,,,"Polycythaemia due to hypoxia, including high altitude; Polycythaemia due to high altitude"
3A81.1,Polycythaemia due to over-transfusion or blood doping,,,,,Polycythaemia due to over-transfusion or blood doping
3A81.2,Relative polycythaemia,,"A disease caused by loss of body fluids leading to apparent increased levels of red blood cells in the blood. This disease may present with headache, vertigo, abnormally enlarged spleen or liver, high blood pressure, or formation of blood clots. Confirmation is by identification of relative blood cell counts in a blood sample.",,,Relative polycythaemia; Relative (pseudo)polycythaemia; Relative polycythaemia due to acute loss of plasma volume; Relative polycythaemia due to chronic loss of plasma volume; Polycythaemia due to inappropriate erythropoietin production; Polycythaemia due to erythropoietin; Polycythaemia due to fall in plasma volume; Secondary polycythaemia with excess erythropoietin
3A90,Anaemia due to acute disease,,,,Acute posthaemorrhagic anaemia,Anaemia due to acute disease
3A91,Congenital methaemoglobinaemia,,"A disease caused by determinants in the antenatal period leading to lack of the enzyme cytochrome b5 reductase. This disease is characterised by elevated levels of methemoglobin within the blood leading to haemoglobin ineffectively releasing oxygen to body tissues. This disease may present with shortness of breath, cyanosis, headache, fatigue, exercise intolerance, dizziness and loss of consciousness. Confirmation is by identification of mutation by genetic testing.",,,Congenital methaemoglobinaemia
3A92,Hereditary methaemoglobinaemia,,"Hereditary methemoglobinemia (HM) is a rare red cell disorder classified principally into two clinical phenotypes: autosomal recessive congenital (or hereditary) methemoglobinemia types I and II (RCM/RHM type 1; RCM/RHM type 2). In RCM type 1, well-tolerated cyanosis from birth is the only symptom. RCM type 2, with global loss of Cb5R function, is much more severe; the cyanosis is accompanied by neurological dysfunction (with intellectual deficit, microcephaly, growth retardation, opisthotonus, strabismus and hypertonia), which usually becomes evident during the first four months of life.",,,"Hereditary methaemoglobinaemia; Congenital NADH - [nicotinamide adenine dinucleotide] methaemoglobin reductase deficiency; DPNH - [diphosphopyridine nucleotide] methaemoglobin reductase deficiency; Haemoglobin-M disease; Hb M - [haemoglobin-m disease]; Hb M methaemoglobinaemia; Hereditary congenital methaemoglobinaemia; NADH - [nicotinamide adenine dinucleotide] diaphorase or reductase deficiency; Recessive hereditary methaemoglobinaemia; chronic familial methaemoglobin reductase deficiency; congenital DPNH-methaemoglobin-reductase deficiency; congenital infantile lactic acidosis due to lad deficiency; cytochrome b5 reductase deficiency; cytochrome b<sub>5</sub> reductase deficiency; cytochrome b>5< reductase deficiency; cytochrome-b reductase deficiency; deficiency of NADH - [nicotinamide adenine dinucleotide] cytochrome b5 reductase; deficiency of lipoamide reductase (NADH); enzymatic methaemoglobinaemia; haemoglobin M disease; hereditary Methemoglobinemia; hereditary m haemoglobinopathy; hereditary methaemoglobinemia due to globin chain mutation; maple syrup urine disease with lactic acidosis; maple syrup urine disease, type 3; Recessive hereditary methaemoglobinaemia type 1; NADH - [nicotinamide adenine dinucleotide] cytochrome b5 reductase deficiency type 1; NADH - [nicotinamide adenine dinucleotide] diaphorase deficiency type 1; Partial NADH - [nicotinamide adenine dinucleotide] cytochrome b5 reductase deficiency; Partial NADH - [nicotinamide adenine dinucleotide] diaphorase deficiency; Recessive congenital methaemoglobinaemia type 1; Recessive hereditary methaemoglobinaemia type 2; NADH - [nicotinamide adenine dinucleotide] cytochrome b5reductase deficiency type 2; NADH - [nicotinamide adenine dinucleotide] diaphorase deficiency type 2; Recessive congenital methaemoglobinaemia type 2; Total NADH - [nicotinamide adenine dinucleotide] cytochrome b5 reductase deficiency; Total NADH - [nicotinamide adenine dinucleotide] diaphorase deficiency; Methaemoglobin reductase deficiency haemoglobinopathy; NADPH - [Methaemoglobin reductase deficiency haemoglobinopathy]"
3A93,Acquired methaemoglobinaemia,,,Toxic methaemoglobinaemia,,Acquired methaemoglobinaemia; Acquired methaemoglobinaemia with sulfhaemoglobinaemia; methaemoglobin sensitivity; nitrosohaemoglobinaemia; sulfhaemoglobinaemia; Toxic methaemoglobinaemia; Stokvis disease; Stokvis-Talma syndrome; Van den Bergh disease; autotoxic cyanosis; enterogenous cyanosis
3A94,Acute posthaemorrhagic anaemia,,"A disease caused by blood loss such as subsequent to trauma. This disease is characterised by loss of blood from the body leading to low levels of red blood cells/blood in the body. This disease may present with pallor, fatigue, or shortness of breath. Confirmation is by identification of low levels of red blood cells in a blood sample.",,Anaemia due to acute disease; congenital anaemia from fetal blood loss,Acute posthaemorrhagic anaemia; acute haemorrhagic anaemia; acute posthaemorrhagic iron deficiency anaemia; anaemia due to acute blood loss
3B10,Hereditary factor VIII deficiency,,A disease caused by a genetically inherited mutation leading to a deficiency in clotting due to lack of factor VIII. This disease is characterised by increasing haemorrhaging and bruising. Confirmation is by identification of mutations by genetic testing.,,,
3B10.0,Haemophilia A,,"Haemophilia A is the most common form of haemophilia characterised by spontaneous or prolonged haemorrhages due to factor VIII deficiency. Depending on the extent of the factor VIII deficiency, it can be severe (biological activity of factor VIII below 1%), moderately severe (activity of factor VIII between 1% and 5%), or mild (activity of factor VIII between 5 and 40%).",Severe haemophilia A; Moderately severe haemophilia A; Mild haemophilia A; Symptomatic form of haemophilia A in female carriers,factor VIII deficiency with vascular defect,Haemophilia A; AHG - [antihaemophilic globulin] deficiency; AHG - [antihaemophilic globulin] deficiency disease; Haemophilia NOS; antihaemophilic globulin deficiency; classic haemophilia; congenital factor VIII disorder; familial haemophilia; haemophilia; hereditary haemophilia; sex-linked factor VIII deficiency; subhaemophilia; Severe haemophilia A; Moderately severe haemophilia A; Mild haemophilia A; Symptomatic form of haemophilia A in female carriers
3B10.1,Hereditary factor VIII deficiency with anti-factor VIII inhibitor,,"A disease caused by a genetically inherited mutation leading to a deficiency in clotting due to lack of factor VIII. This disease also causes anti-factor VIII inhibitor antibodies to be produced when receiving transfusions. Anti-factor VIII inhibitor antibodies develop as the body recognises the factor VIII as foreign, therefore deeming factor VIII infusions ineffective. This disease is characterised by increasing haemorrhaging and bruising. Confirmation is by identification of mutations by genetic testing.",,,Hereditary factor VIII deficiency with anti-factor VIII inhibitor
3B11,Hereditary factor IX deficiency,,A disease caused by a genetically inherited X-linked recessive trait leading to a defective gene located on the X chromosome. This disease is characterised by low levels of the protein factor IX in the body leading to increased haemorrhaging and bruising due to clotting abnormalities. Confirmation is by identification of recessive trait by genetic testing.,,,
3B11.0,Haemophilia B,,"Haemophilia B is a form of haemophilia characterised by spontaneous or prolonged haemorrhages due to factor IX deficiency. Depending on the extent of the factor IX deficiency, it can be severe (biological activity of factor IX below 1%), moderately severe (activity of factor IX between 1% and 5%), or mild (activity of factor IX between 5 and 40%).",PTC - [plasma thromboplastin component] deficiency; Severe haemophilia B; Moderately severe haemophilia B; Mild haemophilia B; Symptomatic form of haemophilia B in female carriers,,Haemophilia B; Christmas disease; PTC - [plasma thromboplastin component] deficiency; deficiency of functional factor ix; functional factor IX deficiency; plasma thromboplastin component deficiency; sex-linked factor IX deficiency disease; Severe haemophilia B; Moderately severe haemophilia B; Mild haemophilia B; Symptomatic form of haemophilia B in female carriers
3B12,Von Willebrand disease,,"A disease caused by inherited genetic mutations. This disease is characterised by quantitative, structural or function abnormalities of von Willebrand factor leading to abnormalities in coagulation of the blood. This disease may present with prolonged bleeding, easy bruising or bleeding gums. Confirmation is by identification of mutation through genetic testing.",Angiohaemophilia; Factor VIII deficiency with vascular defect; Vascular haemophilia; Von Willebrand disease type 1; Von Willebrand disease type 2; Von Willebrand disease type 3,Acquired von Willebrand disease or syndrome; factor VIII deficiency NOS; factor VIII deficiency with functional defect,Von Willebrand disease; Angiohaemophilia; Factor VIII deficiency with vascular defect; Minot-von Willebrand-Jurgen disease; Vascular haemophilia; Willebrand Jurgen thrombopathy; angiohaemophilia A; angiohaemophilia B; pseudohaemophilia; Von Willebrand disease type 1; Von Willebrand disease type 2; Von Willebrand disease type 2A; Von Willebrand disease type 2B; Von Willebrand disease type 2M; Von Willebrand disease type 2N; Von Willebrand disease type 3
3B13,Haemophilia C,,"A disease caused by genetically inherited mutations. This disease is characterised by decreased levels of factor XI leading to abnormalities in coagulation of the blood. This disease may present with prolonged bleeding, easy bruising or bleeding gums. Confirmation is by identification of mutation through genetic testing.",,,Haemophilia C; PTA - [plasma thromboplastin antecedent] deficiency; Rosenthal disease; Rosenthal factor deficiency; Rosenthal syndrome; congenital factor XI deficiency; congenital factor XI deficiency disease; factor XI deficiency; hereditary factor XI deficiency disease; plasma thromboplastin antecedent deficiency; thromboplastin antecedent deficiency
3B14,Other inherited coagulation factor deficiency with bleeding tendency,,Any disease caused by genetically inherited mutations leading to lack of coagulation factors in the blood not elsewhere classified. These diseases are characterised by increased haemorrhaging and bruising as the blood cannot clot properly to control bleeding. Confirmation is identification of mutations by genetic testing.,,,
3B14.0,Hereditary deficiency of factor I,,Congenital deficiencies of fibrinogen are coagulation disorders characterised by bleeding symptoms ranging from mild to severe resulting from reduced quantity and/or quality of circulating fibrinogen. Afibrinogenaemia (complete absence of fibrinogen) and hypofibrinogenaemia (reduced plasma fibrinogen concentration) correspond to quantitative anomalies of fibrinogen while dysfibrinogenaemia corresponds to a functional anomaly of fibrinogen. Hypo- and dysfibrinogenaemia may be frequently combined (hypodysfibrinogenaemia).,,,Hereditary deficiency of factor I; Deficiency of factor 1; Deficiency of fibrinogen; Hereditary fibrinogen deficiency; congenital fibrinogenopenia; Hereditary afibrinogenaemia; Congenital afibrinogenaemia; Hereditary dysfibrinogenaemia; congenital dysfibrinogenaemia; dysfibrinogenaemia NOS; Hereditary hypofibrinogenaemia; congenital hypofibrinogenaemia; Hereditary hypodysfibrinogenaemia
3B14.1,Hereditary factor X deficiency,,Congenital factor X deficiency is an inherited bleeding disorder with a decreased antigen and/or activity of factor X (FX) and characterised by mild to severe bleeding symptoms.,,,Hereditary factor X deficiency; Congenital Stuart factor deficiency; Deficiency of factor X; Stuart Prower deficiency; Stuart deficiency disease; Stuart-Prower disease; Stuart-Prower factor deficiency; congenital factor x deficiency
3B14.2,Combined deficiency of vitamin K-dependent clotting factors,,"Hereditary combined vitamin K-dependent clotting factors deficiency (VKCFD) is a congenital bleeding disorder resulting from variably decreased levels of coagulation factors II, VII, IX and X, as well as natural anticoagulants protein C, protein S and protein Z.",,,"Combined deficiency of vitamin K-dependent clotting factors; Combined deficiency of factors II,VII,IX and X; Vitamin K epoxide reductase deficiency"
3B15,Inherited coagulation factor deficiency without bleeding tendency,,A disease caused by a genetically inherited mutation leading to decreased levels of coagulation factor. This disease is characterised by decreased levels of coagulation factor without leading to increased haemorrhaging. Confirmation is by identification of decreased levels of coagulation factor in a blood sample.,,,Inherited coagulation factor deficiency without bleeding tendency; Congenital prekallikrein deficiency; Congenital high-molecular-weight kininogen deficiency; Hereditary factor XII deficiency; Congenital Hageman factor deficiency; Deficiency of factor XII; Hageman defect; Hageman deficiency; Hageman factor defect; Hageman factor deficiency; congenital factor XII deficiency; factor XII deficiency disease
3B20,Disseminated intravascular coagulation,,"A disorder that is characterised by the systemic intravascular activation of the coagulation system, simultaneously leading to intravascular thrombi, compromising an adequate blood supply to the organs, and to bleeding as the consequence of consumption of platelets and coagulation factors. It may be provoked by a wide range of disorders including infections, inflammatory disorders and malignancy.",,,Disseminated intravascular coagulation; Consumption coagulopathy; DIC - [disseminated intravascular coagulation]; Defibrination syndrome; Diffuse intravascular coagulation; Fibrinolytic purpura; disseminated intravascular coagulopathy; fibrinolysis NOS; thrombolytic purpura; Purpura fulminans; Acquired fibrinolytic haemorrhage; haemorrhagic fibrinolysis; Gangrenous purpura; Acquired hypofibrinogenaemia; acquired afibrinogenaemia; acquired fibrinogenopenia
3B21,Haemorrhagic disorder due to circulating anticoagulants or coagulation factors inhibitors,,"A disease caused by anticoagulants present in the body that prevent the blood from clotting normally. This disease is characterised by abnormalities in blood clotting. This disease may present with prolonged bleeding, easy bruising or bleeding gums. Confirmation is by identification of anticoagulants present in a blood sample.",,long-term use of anticoagulants without haemorrhage,
3B21.0,Haemorrhage due to thrombin inhibitor other than heparin,,A disease caused by any thrombin inhibitors other than heparin that affects normal coagulation of the blood. This disease is characterised by inability of the blood to coagulate leading to bleeding. Confirmation is by identification of thrombin inhibitors in a blood sample.,,,Haemorrhage due to thrombin inhibitor other than heparin
3B21.1,Haemorrhage due to factor Xa inhibitor,,A disease caused by factor Xa inhibitor that affects normal coagulation of the blood. This disease is characterised by inability of the blood to coagulate leading to bleeding. Confirmation is by identification of factor Xa inhibitor in a blood sample.,,,Haemorrhage due to factor Xa inhibitor
3B22,Acquired haemophilia,,"Acquired haemophilia is a rare haemorrhagic disease caused by production of anti-factor VIII antibodies and is sometimes associated with other autoimmune disorders, cancers, lymphoproliferative syndromes and multiple transfusions during the postpartum period.",,,Acquired haemophilia; Autoimmune coagulation factor deficiency; nonfamilial haemophilia; Acquired haemophilia A; Acquired haemophilia B; Acquired factor XIII deficiency
3B50,Inherited fibrinolytic defects,,A disease caused by genetically inherited mutations affecting the fibrinolysis system which prevents blood clots from growing and becoming problematic. This disease is characterised by defects in the fibrinolysis system leading to coagulation of the blood. This disease may present with thrombosis.,,,
3B50.0,Congenital alpha-2 antiplasmin deficiency,,,,,Congenital alpha-2 antiplasmin deficiency; Congenital alpha2 antiplasmin deficiency
3B50.1,Congenital plasminogen activator inhibitor type 1 deficiency,,"Congenital plasminogen activator inhibitor type 1 (PAI-1) deficiency is a disorder that causes premature lysis of haemostatic clots and a moderate bleeding syndrome. Spontaneous bleeding is rarely observed, whereas moderate haemorrhages of the knees, elbows, nose and gingiva are usually triggered by mild trauma. However, menstrual bleeding may be severe and a prolonged bleeding after surgery is common. The PAI-1 deficiency may be qualitative or quantitative, total or partial.",,,Congenital plasminogen activator inhibitor type 1 deficiency; Congenital PAI-1 - [plasminogen activator inhibitor type 1] deficiency
3B51,Acquired fibrinolytic defects,,"A disease caused by determinants arising after birth, affecting the fibrinolysis system which prevents blood clots from growing and becoming problematic. This disease is characterised by defects in the fibrinolysis system leading to coagulation of the blood. This disease may present with thrombosis.",,,Acquired fibrinolytic defects; Drug-induced fibrinolytic disorder; medicament-induced fibrinolytic disorder; Fibrinolytic disorder due to administration of tissue-type plasminogen activator; Fibrinolytic disorder due to administration of tPA - [ tissue-type plasminogen activator]; Fibrinolytic disorder due to administration of urokinase; Fibrinolytic disorder due to administration of other drugs
3B60,Non-thrombocytopenic purpura,,A descriptive term for purpura caused by determinants other than low platelet count. This should be used for coding only when a more precise diagnosis is not available.,,Antineutrophil cytoplasmic antibody-associated vasculitis; Antiphospholipid syndrome; Drug-associated immune complex vasculitis; Immune complex small vessel vasculitis; Leukocytoclastic vasculitis; Purpura or bruising due to vascular fragility; Thrombotic thrombocytopenic purpura; Traumatic purpura,Non-thrombocytopenic purpura
3B60.0,Hereditary vascular purpura,,,,,Hereditary vascular purpura; Hereditary capillary fragility
3B60.1,Acquired vascular purpura,,Purpura resulting from vascular factors rather than from abnormalities in the blood such as dysproteinaemias and disorders of platelets and coagulation.,,Antineutrophil cytoplasmic antibody-associated vasculitis; Antiphospholipid syndrome; Capillaritis; Drug-associated immune complex vasculitis; IgA vasculitis; Leukocytoclastic vasculitis; Purpura or bruising due to vascular fragility; Thrombotic thrombocytopenic purpura; Traumatic purpura,Acquired vascular purpura
3B61,Thrombophilia,,"A disease caused by determinants arising after birth or genetically inherited factors leading to abnormalities in blood. This disease is characterised by abnormality of blood coagulation that increases the risk of thrombosis, clots in blood vessels. This disease may present with deep vein thrombosis or pulmonary embolism. Confirmation is identification of abnormal blood coagulation in a blood sample.",,,
3B61.0,Hereditary thrombophilia,,"A disease caused by hereditary factors leading to abnormalities in blood. This disease is characterised by abnormality of blood coagulation that increases the risk of thrombosis, clots in blood vessels. This disease may present with deep vein thrombosis or pulmonary embolism. Confirmation is identification of abnormal blood coagulation in a blood sample.",,,
3B61.00,Hyperhomocysteinaemia,,"A disease caused by deficiencies of vitamin B6, folic acid, or vitamin B12. Genetic defects in 5-MTHF reductase can consequently lead to hyperhomocysteinaemia. This disease is characterised by abnormally high level of homocysteine in the blood. This disease may present with cardiovascular disease, thrombosis, schizophrenia and osteoporosis. Confirmation is by identification of deficiency in a blood sample.",,,Hyperhomocysteinaemia
3B61.1,Acquired thrombophilia,,"A disease caused by determinants arising after birth. This disease is characterised by abnormality of blood coagulation that increases the risk of thrombosis, clots in blood vessels. This disease may present with deep vein thrombosis or pulmonary embolism. Confirmation is identification of abnormal blood coagulation in a blood sample.",,,Acquired thrombophilia; Gaisbock syndrome; polycythaemia due to stress; stress erythrocytosis; stress polycythaemia; Acquired protein S deficiency; Acquired antithrombin deficiency; acquired antithrombin 3 deficiency; acquired antithrombin III deficiency
3B62,Qualitative platelet defects,,"A disease caused by determinants arising after birth, during the antenatal period or genetically inherited factors. This disease is characterised by abnormalities in coagulation of the blood due to defective platelets. This condition may present with easy bruising, prolonged bleeding or bleeding gums. Confirmation is by identification of decreased platelets in a blood sample.",Thrombocytopathy,Von Willebrand disease,
3B62.0,Inherited qualitative platelet defects,,A disease caused by genetically inherited mutations leading to abnormalities in platelets. This disease is characterised by abnormal platelet formation or function. Confirmation is by identification of mutations by genetic testing.,,,
3B62.00,Alpha-granule diseases,,"A condition caused by determinants arising after birth, in the antenatal period. This condition is characterised by defects in the alpha granules in platelets leading to abnormalities in coagulation mechanisms. This condition may present with prolonged bleeding, epistaxis, menorrhagia, easy bruising, anaemia, fatigue or shortness of breath. Confirmation is by identification of platelet defects in a blood sample.",,,Alpha-granule diseases; Quebec platelet disorder; Factor V Quebec; Gray platelet syndrome
3B62.01,Inherited giant platelet disorder,,"A disease caused by genetically inherited mutations. This disease is characterised by abnormally large platelets, low platelet count and a bleeding tendency. Confirmation is by identification of mutations through genetic testing.",,,Inherited giant platelet disorder; Bernard-Soulier syndrome; Bernard-Soulier thrombopathy; giant platelet syndrome; Mediterranean macrothrombocytopenia; Macrothrombocytopenia with mitral valve insufficiency
3B62.1,Bleeding diathesis due to thromboxane synthesis deficiency,,"A disease caused by thromboxane synthesis deficiency. This disease is characterised by low levels of eicosanoids (lipids), abnormalities in coagulation leading to haemorrhaging. Confirmation is by identification of low levels of eicosanoids in a blood sample.",,,Bleeding diathesis due to thromboxane synthesis deficiency
3B62.2,Isolated thrombocytopenia,,,,,Isolated thrombocytopenia
3B62.3,Dense granule disease,,"A condition caused by determinants arising after birth, in the antenatal period. This condition is characterised by defects in the dense granules in platelets leading to abnormalities in coagulation mechanisms. This condition may present with prolonged bleeding, epistaxis, menorrhagia, easy bruising, anaemia, fatigue or shortness of breath. Confirmation is by identification of platelet defects in a blood sample.",,,Dense granule disease; Isolated delta-storage pool disease; Isolated delta- SPD - [storage pool disease]; Isolated dense SPD - [storage pool disease]; Isolated dense storage pool disease; Familial platelet syndrome with predisposition to acute myelogenous leukaemia
3B62.4,Alpha-delta dense granule deficiency,,"A condition caused by determinants arising after birth, in the antenatal period. This condition is characterised by defects in the alpha delta dense granules in platelets, leading to abnormalities in coagulation mechanisms. This condition may present with prolonged bleeding, epistaxis, menorrhagia, easy bruising, anaemia, fatigue or shortness of breath. Confirmation is by identification of low levels of alpha delta dense granules in a blood sample.",,,Alpha-delta dense granule deficiency; deficient alpha granule syndrome; platelet alpha granule deficiency
3B63,Thrombocytosis,,"A disease caused by essential thrombocytosis or other myelo-proliferative disorders such as chronic myelogenous leukaemia, polycythaemia, myelofibrosis. This disease can also have secondary causes such as inflammation, surgery, hyposplenism, splenectomy, asplenia, iron deficiency anaemia or haemorrhage. This disease is characterised by elevated platelet count in the blood. Confirmation is by identification of increased platelet count in a blood sample.",,,
3B63.0,Congenital thrombocytosis,,"Familial thrombocytosis is a type of thrombocytosis, a sustained elevation of platelet numbers, which affects the platelet/megakaryocyte lineage and may create a tendency for thrombosis and haemorrhage but does not cause myeloproliferation.",Hereditary thrombocytosis; Autosomal dominant thrombocytosis; X-linked thrombocytosis,Essential thrombocythemia,Congenital thrombocytosis; Familial thrombocythaemia; Hereditary thrombocythaemia; Hereditary thrombocytosis; Autosomal dominant thrombocytosis; X-linked thrombocytosis
3B63.1,Acquired thrombocytosis,,"A chronic myeloproliferative neoplasm that involves primarily the megakaryocytic lineage. It is characterised by sustained thrombocytosis in the blood, increased numbers of large, mature megakaryocytes in the bone marrow, and episodes of thrombosis and/or haemorrhage. Progression to a post essential thrombocythaemia myelofibrosis stage or transformation to acute myeloid leukaemia is rarely observed.",Idiopathic haemorrhagic thrombocythaemia,,
3B63.10,Secondary thrombocytosis,,,,,Secondary thrombocytosis
3B64,Thrombocytopenia,,This disease is characterised by decreased levels of platelets within the blood. This disease may present with increased bruising or haemorrhaging. Confirmation is by identification of decreased platelet count in a blood sample.,,,
3B64.0,Congenital thrombocytopenia,,A disease caused by determinants arising during the antenatal period leading to low platelet count. This disease is characterised by decreased levels of platelets within the blood. This disease may present with increased bruising or haemorrhaging. Confirmation is by identification of a decreased platelet count in a blood sample.,,,
3B64.00,Congenital non-inherited thrombocytopenia,,,,,Congenital non-inherited thrombocytopenia; Fetal or neonatal alloimmune thrombocytopenia; FNAIT - [fetal or neonatal alloimmune thrombocytopenia]; NAIT - [neonatal alloimmune thrombocytopenia]; fetal or neonatal thrombocytopenia due to maternal idiopathic thrombocytopenic purpura; Fetal and neonatal thrombocytopenia due to maternal ITP - [idiopathic thrombocytopenic purpura]; Neonatal thrombocytopenia due to maternal idiopathic thrombocytopenic purpura
3B64.01,Hereditary thrombocytopenia,,A disease caused by a genetically inherited mutation leading to decreased platelet count. This disease is characterised by decreased levels of platelets within the blood. This disease may present with increased bruising or haemorrhaging. Confirmation is by identification of decreased platelet count in a blood sample.,,,Hereditary thrombocytopenia; Congenital amegakaryocytic thrombocytopenia; MYH9 macrothrombocytopenia syndromes; MYH9-related disease; May-Hegglin thrombocytopenia; Fechtner syndrome; Epstein syndrome; Sebastian syndrome; Paris-Trousseau thrombocytopenia; Radio-ulnar synostosis - amegakaryocytic thrombocytopenia; ATRUS - [amegakaryocytic thrombocytopenia radioulnar syndrome]
3B64.1,Acquired thrombocytopenia,,"A disease caused by determinants arising after birth, leading to low platelet count. This disease is characterised by low levels of platelets within the blood. This disease may present with increased bruising or haemorrhaging. Confirmation is by identification of decreased platelet count in a blood sample.",,,
3B64.10,Immune thrombocytopenic purpura,,"Immune thrombocytopenic purpura (or immune thrombocytopenia; ITP) is an autoimmune coagulation disorder characterised by isolated thrombocytopenia (a platelet count <100,000/microL), in the absence of any underlying disorder that may be associated with thrombocytopenia.",,,Immune thrombocytopenic purpura; Frank's essential thrombocytopenia; ITP - [idiopathic thrombocytopenia purpura]; Werlhof disease; autoimmune thrombocytopenic purpura; essential thrombocytopenia; haemorrhagic purpura; idiopathic purpura; idiopathic thrombocytopenia; idiopathic thrombocytopenia purpura; idiopathic thrombocytopenic purpura; primary autoimmune thrombocytopenic purpura; purpura haemorrhagica; Immune thrombocytopenic purpura specified as refractory
3B64.11,Secondary thrombocytopenic purpura,,This disease is characterised by a relative decrease in levels of platelets within the blood. This disease may present with increased bruising or haemorrhaging. Confirmation is by identification of decreased platelets in a blood sample.,,,Secondary thrombocytopenic purpura; secondary thrombocytopenia NOS; Secondary thrombocytopenic purpura specified as refractory; Dilutional thrombocytopenia
3B64.12,Drug-induced thrombocytopenic purpura,,"Thrombocytopenic purpura attributable to drug toxicity (e.g. cytotoxic chemotherapeutic or immunosuppressive agents) or to an idiosyncratic drug-associated allergic thrombocytopenia (e.g. quinine, thiazides).",,,"Drug-induced thrombocytopenic purpura; Drug-induced immune thrombocytopenia; medicament-induced immune thrombocytopenia; Drug-induced non-immune thrombocytopenia; Heparin-induced thrombocytopenia; Heparin-induced thrombosis/thrombocytopenia syndrome; Heparin skin necrosis due to immune heparin-induced thrombocytopenia; HITTS - [Heparin-induced thrombocytopenia and thrombosis syndrome]; Heparin-induced thrombocytopenia, Type 1; Heparin-induced thrombocytopenia, Type 2; Drug-induced thrombocytopenic purpura specified as refractory"
3B64.13,Alloimmune thrombocytopenia,,A disease caused by determinants such as a blood transfusion that lead to an immune response to the foreign antigens. This disease is characterised by low levels of platelets in the body due to an immune reactive response to the foreign platelet antigens. This disease may present with increased bruising or haemorrhaging. Confirmation is by identification of decreased platelet count and presence of autoantibodies in a blood sample.,,,Alloimmune thrombocytopenia
3B64.14,Thrombotic thrombocytopenic purpura,,"This condition is idiopathic. This condition is characterised by abnormality of blood coagulation causing extensive microscopic clots to form in the small blood vessels throughout the body resulting in low platelet count. This condition may present with seizures, hemiplegia, paresthesias, visual disturbance, and aphasia or anaemia. Confirmation is by identification of thromboses.",,,Thrombotic thrombocytopenic purpura; Moschcowitz disease; Moschcowitz syndrome; TTP - [thrombotic thrombocytopenic purpura]; Acquired thrombotic thrombocytopenic purpura due to anti-ADAMTS 13 antibodies; Congenital thrombotic thrombocytopenic purpura due to ADAMTS-13 deficiency; Upshaw-Schulman syndrome; congenital thrombocytopaenic purpura; Glomerular disorders in thrombotic thrombocytopenic purpura; Thrombotic thrombocytopenic purpura specified as refractory
3B65,"Thrombotic microangiopathy, not elsewhere classified",,"Thrombotic microangiopathies are microvascular occlusive disorders characterised by systemic or intrarenal aggregation of platelets, thrombocytopenia, and mechanical injury to erythrocytes. Thrombotic thrombocytopenic purpura (TTP) and haemolytic–uremic syndrome (HUS) represent a spectrum of thrombotic microangiopathies. In TTP, systemic microvascular aggregation of platelets causes ischemia in the brain and other organs. In HUS, platelet–fibrin thrombi predominantly occlude the renal circulation.",,,"Thrombotic microangiopathy, not elsewhere classified; Acute intravascular thrombotic microangiopathy; Acute intravascular thrombi microangiopathy; Chronic intravascular thrombotic microangiopathy; Chronic intravascular thrombi microangiopathy"
3B80,Congenital disorders of spleen,,Any condition caused by a failure of the spleen to correctly develop in the antenatal period.,,,Congenital disorders of spleen
3B80.0,Splenomegaly in storage diseases,,"A disease caused by storage diseases; genetically inherited metabolic disorders that result from defects in lysosomal, lipid or glycogen function, of the spleen. This disease is characterised by enlargement of the spleen. This disease may present with abdominal pain, chest pain, pallor, shortness of breath fatigue. Confirmation is through medical imaging.",,,Splenomegaly in storage diseases
3B81,Acquired disorders of spleen,,"Any condition caused by determinants acquired after birth, leading to dysfunction of the spleen.",,,
3B81.0,Tumour-like conditions of spleen,,"Any condition caused by determinants acquired after birth, in the antenatal period or genetically inherited factors, leading to tumour-like conditions of the spleen. Confirmation is through medical imaging.",,,Tumour-like conditions of spleen; Splenic hamartoma; Inflammatory pseudotumour of spleen; Sclerosing angiomatoid nodular transformation; SANT - [Sclerosing angiomatoid nodular transformation]
3B81.1,Postsurgical asplenia,,"A disease caused by underlying diseases, splenectomy or splenic rupture from trauma. This disease is characterised by absence of normal spleen function. This disease may present with increased susceptibility to infection. Confirmation is through medical imaging.",,,Postsurgical asplenia; acquired absence of spleen; postsurgical acquired absence of spleen
3B81.2,Atrophy of spleen,,"A disease caused by determinants arising after birth, during the antenatal period or by genetically inherited factors. This disease is characterised by partial or complete degradation of the spleen. This disease may present with increased susceptibility to infection. Confirmation is through medical imaging.",,,Atrophy of spleen; hyposplenism; splenic atrophy; Hyposplenism due to previous infarction of spleen; Degenerative diseases of the spleen
3B81.3,Nontraumatic laceration or rupture of spleen,,"A disease caused by non-traumatic determinants such as infectious diseases, medical procedures such as colonoscopy, haematological diseases, medications, or pregnancy. This disease is characterised by laceration or rupturing of the spleen leading to lack of function. This disease may present with bleeding and increased susceptibility of infection. Confirmation is through medical imaging.",,,Nontraumatic laceration or rupture of spleen
3B81.4,Splenosis,,A disease caused by determinants arising after birth such as physical trauma or splenectomy . This disease is characterised by autoimplantation of one or more focal deposits of splenic tissue in various compartments of the body. Confirmation is through medical imaging.,,,Splenosis
3B81.5,Splenic cyst or pseudocyst,,,,,
3B81.50,Pseudocyst of spleen,,"A disease caused by determinants arising after birth, during the antenatal period or by genetically inherited factors. This disease is characterised by a noncancerous fluid-filled sac, pseudocysts are like cysts, but lack epithelial or endothelial cells. This disease is often asymptomatic but may present with abdominal pain, nausea and vomiting. Confirmation is through medical imaging.",,,Pseudocyst of spleen
3B81.51,Epithelial cyst of spleen,,,,,Epithelial cyst of spleen
3B81.6,Infarction of spleen,,"A disease caused by determinants such as trauma, infection, or inherited factors leading to a shortage of oxygen in the spleen. This disease is characterised by death of spleen tissue and loss of function. Confirmation is by medical imaging.",,traumatic rupture of spleen,Infarction of spleen; Spleen phlebothrombosis; splenic phlebothrombosis; Necrotising spleen; ischemic splenic necrosis; necrotic spleen; splenic necrosis; Splenic haemorrhage; spleen haemorrhage; Subcapsular splenic haemorrhage
3B81.7,Infection of spleen,,"Any condition of the spleen, caused by an infection with a bacterial, viral, fungal, or parasitic source.",,,
3B81.70,Acute septic splenitis,,,septic spleen,,Acute septic splenitis; septic spleen
3B81.71,Abscess of spleen,,"This is a collection of pus (neutrophils) that has accumulated within a tissue because of an inflammatory process in response to either an infectious process (usually caused by bacteria or parasites) or other foreign materials (e.g., splinters, bullet wounds, or injecting needles), in the spleen.",,,Abscess of spleen; splenic abscess
3B81.8,Torsion of spleen,,A disease caused by abnormal development of splenic suspensory ligaments. This disease is characterised by twisting of the spleen leading to splenic infarction. This disease may present with abdominal pain. Confirmation is through medical imaging.,,,Torsion of spleen
3B81.9,Fibrosis of spleen,,"A disease caused by determinants arising after birth, during the antenatal period or by genetically inherited factors. This disease is characterised by formation of excess fibrous connective tissue leading to partial or complete degradation of the spleen. This disease may present with increased susceptibility to infection. Confirmation is through medical imaging.",,,Fibrosis of spleen; fibrotic spleen
3B81.A,Perisplenitis,,"A disease caused by bacterial or viral infection, parasite infestation, or cysts. This disease is characterised by inflammation of the peritoneal surface of the spleen. This disease may present with abdominal pain, susceptibility to infection and enlargement of the spleen. Confirmation is by identification of infection in a blood sample.",,,Perisplenitis; hyaline perisplenitis
3B81.B,Hypersplenism,,"A disease caused by determinants such as cirrhosis, malaria, tuberculosis or inflammatory disorders leading overactive spleen function. This disease is characterised by the presence of an enlarged spleen. Confirmation is by identification through medical imaging.",,"Splenomegaly, not elsewhere classified; congenital splenomegaly",Hypersplenism; big spleen syndrome; hyperfunction of spleen; hypersplenia; increased splenic activity; spleen metaplasia; splenic metaplasia; Gamna disease; Gandy Nanta disease; Splenic primary panhaematopenia; Myeloid metaplasia; Agnogenic myeloid metaplasia; Myelogenous metaplasia
3B81.C,Chronic congestive splenomegaly,,A form of exaggerated spleen function characterised by splenic enlargement secondary to splenic vein thrombosis and/or portal hypertension,,,Chronic congestive splenomegaly; Spleen hyperaemia; splenic hyperaemia; Opitz disease
